{"cameraMode":{"drawMode":0,"name":"Shaded","section":"Shading Mode"},"sceneLighting":false,"audioPlay":false,"sceneViewState":{"m_AlwaysRefresh":true,"showFog":true,"showSkybox":true,"showFlares":true,"showImageEffects":true,"showParticleSystems":true,"showVisualEffectGraphs":true,"m_FxEnabled":true},"in2DMode":false,"pivot":{"x":342.2940673828125,"y":447.476806640625,"z":17.733016967773439},"rotation":{"x":0.008690186776220799,"y":-0.006902602501213551,"z":-0.00005965738819213584,"w":-0.999940812587738},"size":345.3471984863281,"orthographic":false}